restart|negative
restarting|negative
restarted|negative
raining|neutral
havemotorola|neutral
sleep|negative
saved|neutral
increase|neutral
replacements|neutral
eligible|neutral
supported|neutral
refunding|negative
swap|negative
restock|negative
worth|positive
placed|neutral
updated|neutral
risk|negative
void|negative
connects|neutral
handling|neutral
reinstalled|negative
screaming|negative
tagging|neutral
supports|neutral
upload|neutral
persisted|negative
guiding|neutral
heading|neutral
warns|negative
direct|neutral
resubmitted|negative
street|neutral
follow|neutral
shining|neutral
cooking|neutral
supplied|neutral
formatting|negative
conduct|neutral
told|neutral
deemed|neutral
wrapping|neutral
met|neutral
recertify|negative
seleted|neutral
aren't|neutral
k|neutral
changed|neutral
expedited|negative
mentor|neutral
changes|negative
explained|neutral
replace|neutral
brought|neutral
accessorizes|neutral
counts|neutral
recognozing|neutral
cheating|negative
spoke|neutral
would|neutral
backing|neutral
type|neutral
tell|neutral
visably|neutral
separated|neutral
posting|neutral
relay|neutral
brings|neutral
muse|negative
phone|neutral
hold|neutral
swtich|neutral
word|neutral
wore|negative
pursue|neutral
padisala|neutral
setup|neutral
mt|neutral
ms|neutral
salvage|negative
could|neutral
indicated|neutral
cited|negative
involve|neutral
indicates|neutral
reviewing|neutral
reseting|negative
totaled|neutral
end|neutral
travel|neutral
sitting|neutral
feature|neutral
righting|neutral
enquire|neutral
disappear|negative
answer|neutral
charging|neutral
replacing|negative
typed|neutral
confirmed|neutral
jumping|neutral
reamed|negative
purchase|neutral
amin|neutral
attempt|neutral
recieved|neutral
maintain|neutral
enter|neutral
operate|neutral
uninstalling|negative
over|neutral
deducted|negative
vara|neutral
activating|neutral
fit|neutral
writing|neutral
persist|negative
affected|negative
prevented|negative
notified|neutral
l|neutral
rocks|neutral
filling|neutral
went|neutral
interfering|neutral
notifies|neutral
rebooted|negative
signing|neutral
fourmonths|negative
ring|neutral
driving|neutral
god|negative
waive|neutral
hooked|negative
skincraft|neutral
got|neutral
turning|neutral
estimate|neutral
wanted|neutral
certified|neutral
ate|neutral
logging|neutral
created|neutral
starts|neutral
shipped|neutral
heck|negative
uses|neutral
resetting|negative
clouding|neutral
rang|neutral
hearing|neutral
hook|negative
burn-in|negative
vibrate|neutral
needed|neutral
confirming|neutral
listed|neutral
clikcing|neutral
nomis|neutral
listen|neutral
bouncing|neutral
leaking|negative
took|neutral
sync|neutral
wasted|negative
showed|neutral
enabled|neutral
sees|neutral
longs|neutral
navigate|neutral
ram|negative
talking|neutral
seen|neutral
seem|neutral
sounding|neutral
seek|neutral
tells|neutral
forced|negative
customise|neutral
desist|negative
causing|neutral
completed|neutral
shall|neutral
dial|neutral
optimized|neutral
asmita|neutral
assessed|neutral
sropped|negative
flamin|negative
moterola|neutral
assisting|neutral
don|neutral
emailing|neutral
givesme|neutral
flow|neutral
stating|neutral
reflecting|neutral
voting|neutral
mailing|neutral
annoyed|negative
came|neutral
reserve|neutral
saying|neutral
selected|neutral
contacted|neutral
4glten|neutral
ending|neutral
pops|neutral
implying|neutral
participate|neutral
touches|neutral
clicked|neutral
explain|neutral
touched|neutral
pursuing|neutral
announce|neutral
disconnecting|negative
wearing|neutral
do|neutral
de|neutral
watch|neutral
blinking|negative
shutting|negative
beleive|neutral
comply|neutral
runs|neutral
covering|neutral
reload|neutral
release|neutral
flagged|negative
respond|neutral
blew|negative
decides|neutral
reference|neutral
clarified|neutral
testing|neutral
recieve|neutral
bled|negative
depends|neutral
decided|neutral
submitted|neutral
restocking|neutral
said|neutral
sorta|neutral
rings|neutral
boguht|neutral
sais|neutral
wd|neutral
extend|neutral
tkank|positive
smelled|negative
packaged|neutral
suggested|neutral
received|neutral
cos|negative
heating|negative
receives|neutral
faces|neutral
requests|neutral
asked|neutral
appeared|neutral
loaded|neutral
speak|neutral
sha-ce05|neutral
been|neutral
restarts|negative
trigger|negative
refurbished|negative
expected|neutral
entered|neutral
threw|neutral
concerning|neutral
craft|neutral
tapping|neutral
catch|neutral
applied|neutral
melted|negative
stopping|negative
cracked|negative
voice|neutral
remembering|neutral
played|neutral
is|neutral
ii|neutral
trusted|negative
hone|neutral
containing|neutral
32zkz23c38hb|neutral
perform|neutral
suggest|neutral
realizing|neutral
syncs|neutral
descend|negative
synch|neutral
entitled|neutral
vibrates|neutral
hand|neutral
formated|negative
unsupported|negative
kept|neutral
hopping|negative
failing|negative
working\|positive
smoked|negative
left|neutral
she'll|neutral
assigned|neutral
identify|neutral
thanks|positive
adding|neutral
shoud|neutral
hab|neutral
had|neutral
synching/|neutral
ma'am|neutral
belongs|neutral
has|neutral
gave|neutral
opt|neutral
casting|neutral
burnt|negative
appearing|neutral
performing|neutral
remind|neutral
hung|negative
deal|neutral
sends|neutral
escape|neutral
finna|neutral
bottom|neutral
overdriving|negative
track|neutral
asking|neutral
denied|negative
beating|negative
pls|neutral
peel|negative
plz|neutral
disappeared|negative
post|neutral
deletes|negative
plug|neutral
yelling|negative
e-mailed|neutral
plus|neutral
overheats|negative
raised|negative
froze|negative
wasting|negative
pays|negative
obtaining|neutral
sow|neutral
wrap|neutral
stumble|negative
existed|neutral
rely|neutral
flying|neutral
inspected|negative
avail|neutral
stuck|negative
authorized|neutral
was|neutral
head|neutral
washed|negative
offering|neutral
attempted|neutral
landing|neutral
wireless|neutral
heat|negative
hear|neutral
fort|neutral
reset|negative
responding|neutral
plugged-in|neutral
attached|neutral
devices|neutral
submitting|neutral
attaches|neutral
delete|negative
diagnose|neutral
proved|neutral
quartzsite|neutral
westcott|neutral
shined|neutral
covers|neutral
guessed|neutral
reenter|neutral
promised|neutral
shines|neutral
check|neutral
constructed|neutral
encrypt|neutral
flood|negative
setting|neutral
holding|negative
test|neutral
depot|negative
roll|neutral
eversince|negative
dies|negative
update|neutral
fell|negative
rolling|neutral
unlocking|negative
apologizing|negative
happening|neutral
assume|neutral
grading|neutral
restored|neutral
scan/clean|neutral
managed|neutral
switched|neutral
skip|neutral
activated|neutral
switches|negative
displaying|neutral
recharge|neutral
depend|neutral
fastboot|neutral
flash|negative
answered|neutral
dissatisfied|negative
weakening|negative
suffered|negative
retype|negative
advises|neutral
ert|neutral
downloading|neutral
servicing|neutral
masturbate|negative
advised|neutral
locked|negative
airing|neutral
presented|neutral
did|neutral
turns|neutral
spped|neutral
leave|negative
p|neutral
settle|neutral
turna|neutral
prevent|neutral
dries|negative
talked|neutral
says|neutral
dealing|neutral
discover|neutral
sign|neutral
reinstalling|negative
appear|neutral
goes|negative
reply|neutral
falling|negative
filled|neutral
supporting|neutral
install|neutral
learn|neutral
understanding|neutral
water|neutral
knocked|negative
address|neutral
hadn't|neutral
along|neutral
appears|neutral
change|neutral
changing|negative
wait|neutral
sending|neutral
incoming|neutral
seaing|neutral
vibrating|neutral
bow|neutral
retired|negative
marked|neutral
acedetaly|neutral
gladwin|neutral
handled|neutral
prove|neutral
stated|neutral
visit|neutral
discnnected|negative
handles|neutral
wondering|neutral
selects|neutral
reorder|negative
introducing|neutral
scratches|negative
fly|neutral
valued|neutral
ahve|neutral
dialed|neutral
avoiding|neutral
flaking|negative
labeled|neutral
printing|neutral
can|neutral
following|neutral
making|neutral
arrive|neutral
bites|negative
synching|neutral
claim|neutral
corrupted|negative
figure|neutral
pauses|negative
didn't|negative
fuck|negative
heard|neutral
chargong|negative
performed|neutral
allowed|neutral
counting|neutral
occur|neutral
validated|neutral
means|neutral
write|neutral
sworn|negative
staying|neutral
listen)|neutral
may|neutral
crashed|negative
designed|neutral
date|neutral
guys|neutral
surfing|neutral
wiggle|negative
borrowing|neutral
switch|neutral
deposit|neutral
pulled|neutral
talk|neutral
refund|negative
approx|neutral
acts|neutral
discharging|negative
soing|negative
hiring|neutral
monitor|neutral
offers|neutral
mail|neutral
happened|neutral
halp|negative
emailed|neutral
finance|neutral
matches|neutral
noe|neutral
introduce|neutral
touching|neutral
whiteman|neutral
arriving|neutral
isolations|neutral
maintaining|neutral
bowling|neutral
repaired|negative
retrieve|negative
crushing|negative
directing|neutral
hurried|negative
unlock|negative
entering|neutral
et|neutral
happen|neutral
worried|negative
es|neutral
tried|neutral
shown|neutral
opened|neutral
factory|neutral
looking|neutral
contained|neutral
should|neutral
shouldn't|negative
sopke|neutral
suggesting|neutral
receiving|neutral
bugging|negative
shows|neutral
attended|neutral
goto|neutral
cart|neutral
wi-fi|neutral
couldn|neutral
parameswaran|neutral
initiate|neutral
place|neutral
discontinued|negative
waited|negative
guessing|neutral
spoken|neutral
coulnd't|neutral
overheating|negative
carry|neutral
sounds|neutral
forwarding|neutral
open|neutral
discharged|negative
given|neutral
checked|neutral
caught|neutral
slept|neutral
indicate|neutral
returns|neutral
typing|neutral
white|neutral
speaking|neutral
gives|neutral
mining|neutral
treid|neutral
released|neutral
remebering|neutral
copy|neutral
representing|neutral
appreciated|positive
cracks|negative
require|neutral
transferred|negative
protected|positive
booted|negative
were|neutral
accessed|neutral
20x|neutral
turned|neutral
say|neutral
rent|neutral
/span|neutral
exchanging|neutral
sells|neutral
saw|neutral
answering|neutral
instructed|neutral
intends|neutral
beeping|neutral
take|neutral
wanting|negative
coincide|neutral
switching|neutral
surf|neutral
begin|neutral
arguing|neutral
keeps|neutral
paid|neutral
falls|negative
2265040758(broken|neutral
printed|neutral
crochet|neutral
pair|neutral
cleared|neutral
inserted|neutral
fills|neutral
considered|neutral
alguna|neutral
clearing|neutral
redirected|neutral
dispersed|negative
filing|neutral
walking|neutral
discovered|neutral
crashing|negative
written|neutral
going|neutral
doesent|negative
posted|neutral
directed|neutral
thnak|positive
freezing|negative
cannot|negative
gee|neutral
installed|neutral
freaking|negative
regarding|neutral
recharged|neutral
requesting|neutral
tryn|neutral
finishing|neutral
emoto|neutral
elected|neutral
rma|neutral
anyways|neutral
ignores|negative
wonder|neutral
detect|neutral
registering|neutral
jumped|neutral
review|neutral
affecting|neutral
uninstalled|negative
reading|neutral
notice|neutral
screen|neutral
come|neutral
receded|negative
according|neutral
paring|neutral
s|neutral
dated|neutral
can't|neutral
period|neutral
pop|neutral
maintained|neutral
couldn't|neutral
ordered|neutral
guesstimate|neutral
sned|neutral
aiming|neutral
mounting|neutral
informed|neutral
escalated|neutral
mart|neutral
deposited|neutral
wants|neutral
reimburse|neutral
offered|neutral
wake|neutral
thnk|neutral
paying|neutral
developing|neutral
mount|neutral
cast|neutral
cancelled|negative
taking|neutral
bathe|neutral
sleeping|neutral
evening|neutral
punched|negative
ship|neutral
acess|neutral
shuts|negative
rooting|neutral
granted|neutral
locking|negative
figuring|neutral
verifies|neutral
document|neutral
buyy|neutral
extended|neutral
drives|neutral
running|neutral
validate|neutral
tracking|neutral
charges|neutral
charger|neutral
assinged|neutral
customized|neutral
costs|neutral
comes|neutral
charged|neutral
being|neutral
gavin|neutral
cease|neutral
6days|neutral
speed|neutral
hint|neutral
thinking|neutral
seems|neutral
except|neutral
lets|neutral
isn't<br|neutral
samples|neutral
disputing|negative
flashing|negative
silverberg|neutral
hover|neutral
kills|negative
read|neutral
discontinue|negative
gonna|neutral
loaned|neutral
listening|neutral
using|neutral
accepted|neutral
in-n-out|neutral
slain|negative
shrink|negative
facing|negative
5194746257(contact|neutral
t|neutral
served|neutral
reduced|negative
learning|neutral
lucy|neutral
provided|neutral
unlocked|neutral
hoping/and|negative
googled|neutral
stops|negative
provides|neutral
redid|neutral
restoring|neutral
refer|neutral
considering|neutral
accessing|neutral
power|neutral
malfunctioning|negative
manufactured|neutral
peeled/sctrached|negative
broken|negative
exciting|neutral
ok|neutral
package|neutral
meaning|neutral
puchaise|neutral
escalating|neutral
act|neutral
backup|neutral
researching|neutral
burning|negative
freaked|negative
stted|neutral
determine|neutral
apologize|negative
stare|negative
log|neutral
prepare|neutral
area|neutral
12139ending|neutral
removing|negative
distracted|negative
start|neutral
sealed|neutral
drains|negative
positioned|neutral
notate|neutral
locks|negative
wiping|negative
texted|neutral
buying|neutral
pull|neutral
hire|neutral
applying|neutral
gone|negative
required|neutral
migrate|neutral
describe|neutral
watches|neutral
examine|neutral
ar|neutral
walked|neutral
file|neutral
watched|neutral
moves|neutral
film|neutral
fill|neutral
verizon|neutral
rubbed|neutral
roses|neutral
requested|neutral
refunded|negative
includes|neutral
faxed|neutral
recognise|neutral
included|neutral
building|neutral
booked|neutral
t-t|neutral
unload|neutral
waived|neutral
invest|neutral
sounded|neutral
calld|neutral
investigated|neutral
rinse|neutral
alright|neutral
starting|neutral
migrated|neutral
caused|neutral
alerting|neutral
unblock|negative
migrates|neutral
talks|neutral
mainscreen|neutral
causes|neutral
duplicated|neutral
referring|neutral
program|neutral
issued|neutral
enjoying|neutral
sound|neutral
fax|neutral
returned|neutral
returning|neutral
haven't<br|neutral
induce|neutral
treating|neutral
elated|neutral
hooking|negative
helpme|neutral
list|neutral
adjust|neutral
booting|neutral
nearing|neutral
rate|neutral
design|neutral
displays|neutral
functioning|neutral
sue|neutral
nano|neutral
investing|neutral
apologized|negative
reboots|negative
avast|neutral
loose|negative
answers|neutral
operating|neutral
search|neutral
allows|neutral
nano-sim|neutral
followed|neutral
screens|neutral
put|neutral
trained|neutral
pulls|neutral
select|neutral
ringing|neutral
takes|neutral
wiped|neutral
contains|neutral
texting|neutral
comparing|neutral
ambles|neutral
taken|neutral
asks|neutral
knows|neutral
ejected|neutral
grabbing|neutral
corrected|neutral
site|neutral
tested|neutral
stick|neutral
known|neutral
hurry|neutral
producing|neutral
keeping|neutral
recall|neutral
installing|neutral
guards|neutral
remain|neutral
pressing|neutral
sent|neutral
v|neutral
inconveniencing|negative
compare|neutral
needing|neutral
scan|neutral
neglected|negative
voided|negative
states|neutral
pushed|neutral
purchased|neutral
vribating|neutral
information|neutral
needs|neutral
breaking|negative
stayed|neutral
explains|neutral
okay|neutral
intended|neutral
communicating|neutral
undersntand|neutral
mapping|neutral
questioning|neutral
reflect|neutral
tries|neutral
lighting|neutral
fe|neutral
coming|neutral
verified|neutral
fl|neutral
releated|neutral
register|neutral
playing|neutral
ckel|neutral
developed|neutral
stays|neutral
confirm|neutral
trade|neutral
held|neutral
reconnect|negative
messed|negative
detected|negative
bypass|neutral
undestand|neutral
travelling|neutral
might|neutral
alter|neutral
someone|neutral
noticing|neutral
reflected|neutral
instructions|neutral
whatis|negative
troubleshoot|negative
level|neutral
featured|neutral
payed|neutral
stopped|negative
die|negative
found|neutral
repeating|neutral
referred|neutral
malfunction|negative
reduce|neutral
wiggling|negative
finish|negative
expect|neutral
inquired|neutral
cpuld|neutral
wondered|neutral
acting|neutral
print|neutral
issue|negative
occurs|neutral
reguarding|neutral
ask|neutral
kepps|neutral
beginning|neutral
retained|neutral
launch|neutral
persists|neutral
expecting|neutral
fallen|negative
dine|neutral
donr|neutral
rooted|neutral
feel|neutral
number|neutral
linking|neutral
utilized|neutral
notify|neutral
dong|neutral
passes|neutral
guess|neutral
leading|neutral
st.|neutral
swipe|neutral
paint|neutral
passed|neutral
hange|neutral
gps|neutral
shifted|neutral
selling|neutral
exploded|negative
drain|neutral
imformation|neutral
ste|neutral
kind|neutral
b|neutral
savanapalli|neutral
gotten|neutral
recording|neutral
determined|neutral
supposed|neutral
debugging|neutral
canceling|negative
bhe|neutral
cleaned|neutral
orders|neutral
sell|neutral
built|neutral
depending|neutral
comics|neutral
recognizing|neutral
drone|neutral
build|neutral
finding|neutral
play|neutral
added|neutral
gild|neutral
quote|neutral
inconvenience|negative
reach|neutral
serviced|neutral
forton|neutral
hired|neutral
plan|neutral
accepting|neutral
approved|neutral
stands|neutral
ke|neutral
calling|neutral
cover|neutral
weigh|neutral
joining|neutral
purchsed|neutral
walgreen|neutral
find|neutral
costing|neutral
override|neutral
rest|neutral
referencing|neutral
emails|neutral
resend|negative
reapondingg|negative
tanked|negative
remove|neutral
whitening|neutral
double|neutral
wrote|neutral
scanning|neutral
contaced|neutral
throwing|neutral
tree|neutral
see|neutral
ard|neutral
are|neutral
visualize|neutral
formatted|neutral
burned|negative
reconoce|neutral
available|neutral
creating|neutral
sold|neutral
pissed|negative
c|neutral
last|neutral
reverse|neutral
downloaded|neutral
became|neutral
buzz|neutral
chintakindi|neutral
load|neutral
supply|neutral
didand|neutral
perot|neutral
acted|neutral
refurbish|negative
skips|neutral
stoped|negative
consuming|neutral
raise|neutral
hitting|neutral
ran|neutral
meeting|neutral
woke|neutral
resting|neutral
generating|neutral
lived|neutral
chatted|neutral
transferring|neutral
dialing|neutral
replaces|neutral
broght|neutral
look|neutral
frozen|negative
straight|neutral
replaced|neutral
pressed|neutral
kissing|neutral
ross|neutral
hoping|neutral
vol|neutral
encountered|neutral
reads|neutral
grant|neutral
advise|neutral
used|neutral
expediting|negative
dims|negative
moving|neutral
cleaning|neutral
plugs|neutral
lower|negative
vom/mg/16/000729|neutral
makes|neutral
dancing|neutral
spent|neutral
spend|neutral
powering|neutral
tell's|neutral
shape|neutral
insall|neutral
circling|negative
letting|neutral
loading|neutral
guaranteed|neutral
signals|neutral
pronouncing|neutral
questioned|neutral
snap|negative
mandan|neutral
remaining|neutral
surprised|neutral
format|neutral
showing|neutral
matters|neutral
d|neutral
beauvais|neutral
retake|neutral
follows|neutral
collect|neutral
continue|neutral
google|neutral
fucking|negative
arrived|neutral
streaming|neutral
delivered|neutral
affects|neutral
customize|neutral
behave|neutral
connecting|neutral
pee|negative
inserting|neutral
be|neutral
eating|neutral
ba|neutral
remembered|neutral
processing|neutral
use|neutral
step|neutral
digitizer|neutral
relating|neutral
anything|neutral
completing|neutral
trucking|negative
messaging|neutral
misplaced|negative
seeing|neutral
recreate|neutral
troubleshooting|negative
behaving|neutral
retrieving|neutral
spending|neutral
placing|neutral
question|neutral
submit|neutral
podran|neutral
forward|neutral
opens|neutral
manufacture|neutral
shirisha|neutral
registered|neutral
link|neutral
wnt|neutral
filed|neutral
migrating|neutral
flickers|negative
fades|negative
checkout|neutral
hasn't|neutral
paired|neutral
un|neutral
called|neutral
associated|neutral
m|neutral
regonises|neutral
popped|negative
chat|neutral
fixing|neutral
plugged|neutral
preventing|negative
nap|negative
reimburses|neutral
zullo|neutral
brushing|neutral
explaining|neutral
draw|neutral
calculating|neutral
lashing|negative
occurred|neutral
generated|neutral
allowing|neutral
unplug|neutral
e|neutral
blinks|negative
backed|neutral
responded|neutral
heats|negative
dot|neutral
orderso|neutral
requires|neutral
backin|neutral
gt|neutral
wire|neutral
scratch|negative
existing|neutral
ge|neutral
jiggle|negative
whrepublic|neutral
go|neutral
issues|negative
seemed|neutral
reinsert|neutral
disabling|negative
concerned|neutral
send|neutral
purchaseed|neutral
include|neutral
indicating|neutral
uploaded|neutral
continues|neutral
wave|neutral
putting|neutral
underscore|neutral
telling|neutral
continued|neutral
wipe|neutral
arrange|neutral
restocked|neutral
experiencing|negative
deals|neutral
deleting|negative
noted|neutral
concluded|neutral
locate|neutral
bleeding|negative
jump|neutral
traveling|neutral
picked|neutral
download|neutral
click|neutral
plays|neutral
giving|neutral
assisted|neutral
reaching|neutral
expressed|neutral
access|neutral
waiting|neutral
led|neutral
chose|neutral
aoptimizing|neutral
exchange|negative
explore|neutral
focused|neutral
sink|negative
sing|neutral
settling|neutral
receive|neutral
harlyn|neutral
leaving|neutral
submerged|negative
saywhit|neutral
named|neutral
tooll|neutral
win|neutral
manage|neutral
apply|neutral
resets|negative
redo|negative
nursing|neutral
standing|negative
fed|neutral
remains|neutral
deos|neutral
startrepair|negative
sort|neutral
optimizing|neutral
started|neutral
aphone|neutral
confused|negative
havefried|negative
iii|neutral
f|neutral
prompts|neutral
meet|neutral
closing|neutral
slid|neutral
reserved|neutral
process|neutral
lock|negative
transpired|neutral
pulling|neutral
shipping|neutral
slip|neutral
unchcked|neutral
sir|neutral
sit|neutral
holds|neutral
located|neutral
can't<br|neutral
wjit|neutral
sim|neutral
hesitate|negative
peeling|negative
await|neutral
tied|neutral
fits|neutral
realized|neutral
llet|neutral
light|neutral
exhange|negative
erasing|negative
avalible|neutral
produced|neutral
looks|neutral
mentioned|neutral
ingreso|neutral
la|neutral
chosen|neutral
lo|neutral
ll|neutral
ships|neutral
winning|negative
willing|neutral
choose|neutral
covered|neutral
bye|neutral
pending|neutral
freeman|neutral
auto|neutral
outlined|neutral
spell|neutral
flew|neutral
mention|neutral
spelt|neutral
fingerprint|neutral
insisting|negative
realize|neutral
edit|neutral
deciding|neutral
reloading|neutral
shaking|negative
activate|neutral
doing|neutral
related|neutral
doubled|neutral
escalate|negative
performs|neutral
hollering|negative
cause|neutral
shut|negative
perren|neutral
que|neutral
initialize|neutral
forwarded|neutral
repairing|neutral
g|neutral
replaying|negative
times|neutral
retain|neutral
swapped|negative
owned|neutral
set|neutral
lagging|negative
reached|neutral
noticed|neutral
ordering|neutral
system|neutral
attach|neutral
messing|neutral
misinformed|negative
configure|neutral
reversed|negative
lists|neutral
regards|neutral
updating|neutral
boring|negative
ayudaran|neutral
bed|neutral
flashes|negative
providing|neutral
inlove|neutral
phonetically|neutral
spelled|neutral
have|neutral
recontact|negative
linked|neutral
sings|neutral
angle|neutral
soak|neutral
mia|neutral
able|neutral
si|neutral
purchasing|neutral
dished|neutral
dimming|negative
transferido|negative
expires|negative
plugging|negative
connected|neutral
cloned|neutral
expired|negative
gather|neutral
request|neutral
looked|neutral
text|neutral
cardon|neutral
bring|neutral
planning|neutral
ffma|neutral
respondng|neutral
based|neutral
credited|neutral
resubmit|negative
riding|neutral
meant|neutral
handle|neutral
setupin|neutral
watching|neutral
rush|neutral
bear|neutral
joint|neutral
scrolling|neutral
ended|neutral
h|neutral
married|neutral
fixes|negative
tuned|neutral
sha|neutral
processed|neutral
contain|neutral
including|neutral
reconize|neutral
knowing|neutral
operates|neutral
pitcures|neutral
employed|neutral
uplload|neutral
operated|neutral
puts|neutral
visiinting|neutral
attempting|negative
reexplain|negative
costin|neutral
rolled|neutral
state|neutral
closed|neutral
tranferring|negative
frustrated|negative
email|neutral
bought|neutral
ends|neutral
scrolls|neutral
opening|neutral
deliver|neutral
gotta|neutral
kicking|negative
blinked|negative
synced|neutral
staring|negative
figured|neutral
invited|neutral
atleast|neutral
passing|neutral
ck|neutral
adjusted|neutral
ca|neutral
walk|neutral
troubleshooted|negative
powered|neutral
addition|neutral
validating|neutral
un-mounting|negative
whisper|neutral
copied|neutral
define|neutral
controlled|neutral
bedded|neutral
painted|neutral
moved|neutral
tap|neutral
releasing|neutral
finished|neutral
smoking|negative
dolphy|neutral
wins|neutral
align|neutral
will|neutral
oung|neutral
owns|neutral
renaming|negative
ve|neutral
reinserted|negative
draining|negative
sits|neutral
recorded|neutral
began|neutral
/a|neutral
highlighted|neutral
digging|negative
gets|neutral
tapped|negative
residing|neutral
injured|negative
experimented|negative
forgotten|negative
login|neutral
expand|neutral
keep|neutral
numbered|neutral
proceed|neutral
well|neutral
fighting|negative
traera|neutral
thought|neutral
cutting|neutral
flexing|neutral
sets|neutral
position|neutral
reintroduce|negative
upgraded|neutral
stored|neutral
advertised|neutral
unplugged|neutral
web|neutral
logged|neutral
googling|neutral
add|neutral
expedite|negative
crack|negative
match|neutral
checking|neutral
recharging|negative
resolves|neutral
insert|neutral
inviting|neutral
admitted|neutral
verifying|neutral
flickering|negative
works|neutral
likes|neutral
searching|neutral
choosing|neutral
racking|neutral
home|neutral
liking|neutral
happens|neutral
lead|neutral
esp|neutral
fedex|neutral
assuming|neutral
screwed|negative
preload|neutral
schedule|neutral
selecting|neutral
pressure|neutral
snapped|negative
r|neutral
paste|neutral
billing|neutral
getting|neutral
spilled|negative
recognized|neutral
compatible|neutral
carries|neutral
sweat|neutral
customizing|neutral
recognizes|neutral
grayed|negative
warranty|neutral
own|neutral
promise|neutral
reactivate|neutral
transfer|neutral
kidding|neutral
function|neutral
buy|neutral
chatting|neutral
unstick|negative
repeated|negative
mailed|neutral
eat|neutral
count|neutral
made|neutral
whether|neutral
scroll|neutral
flip|neutral
signed|neutral
record|neutral
reconnecting|negative
bearing|neutral
begun|neutral
devise|neutral
recognize|neutral
shooting|negative
effected|neutral
compared|neutral
claiming|negative
boom|neutral
contacting|neutral
repeat|neutral
scheldt|neutral
stay|neutral
eof|neutral
website's|neutral
searched|neutral
spam|negative
spams|negative
spaming|negative
spamming|negative
spammed|negative
spamed|negative
reboot|negative
rebooting|negative
mis-billed|negative
miss-billed|negative
abusing|negative
brag|both|both|
covet|both|both|
demand|both|both|
fawn|both|both|
gloat|both|both|
implore|both|both|
lust|both|both|
plead|both|both|
abandon|negative|negative|
abase|negative|negative|
abash|negative|negative|
abate|negative|negative|
abdicate|negative|negative|
abhor|negative|negative|
abjure|negative|negative|
abolish|negative|negative|
abominate|negative|negative|
abrade|negative|negative|
abscond|negative|negative|
abuse|negative|negative|
accost|negative|negative|
accuse|negative|negative|
accuses|negative|negative|
acerbate|negative|negative|
ache|negative|negative|
admonish|negative|negative|
adulterate|negative|negative|
afflict|negative|negative|
affront|negative|negative|
aggravate|negative|negative|
aggrieve|negative|negative|
agitate|negative|negative|
agonize|negative|negative|
ail|negative|negative|
alarm|negative|negative|
alienate|negative|negative|
allege|negative|negative|
ambush|negative|negative|
amputate|negative|negative|
anger|negative|negative|
anguish|negative|negative|
annihilate|negative|negative|
annoy|negative|negative|
antagonize|negative|negative|
ape|negative|negative|
appal|negative|negative|
appall|negative|negative|
argue|negative|negative|
argued|negative
arrest|negative|negative|
asperse|negative|negative|
assail|negative|negative|
assassinate|negative|negative|
assault|negative|negative|
atrophy|negative|negative|
attack|negative|negative|
avenge|negative|negative|
avert|negative|negative|
avoid|negative|negative|
ax|negative|negative|
babble|negative|negative|
backbite|negative|negative|
baffle|negative|negative|
bail|negative|negative|
bait|negative|negative|
balk|negative|negative|
banalize|negative|negative|
banish|negative|negative|
bankrupt|negative|negative|
bar|negative|negative|
battle|negative|negative|
beat|neutral|negative|VH
befoul|negative|negative|
beg|negative|negative|
beguile|negative|negative|
belabor|negative|negative|
beleaguer|negative|negative|
belie|negative|negative|
belittle|negative|negative|
belt|negative|negative|
bemoan|negative|negative|
bemoaned|negative
berate|negative|negative|
bereave|negative|negative|
beseech|negative|negative|
besiege|negative|negative|
beseiged|negative
besmirch|negative|negative|
betray|negative|negative|
betrayed|negative
betraying|negative
bewail|negative|negative|
beware|negative|negative|
bewilder|negative|negative|
bewitch|negative|negative|
bias|negative|negative|
biased|negative
bicker|negative|negative|
bit|negative|negative|
bitch|negative|negative|
bitched|negative
bitching|negative
bite|negative|negative|
blab|negative|negative|
blabber|negative|negative|
blackmail|negative|negative|
blackmailed|negative
blame|negative|negative|
blamed|negative
blaming|negative
blandish|negative|negative|
blaspheme|negative|negative|
blast|negative|negative|
blather|negative|negative|
bleed|negative|negative|
blemish|negative|negative|
blind|negative|negative|
blindside|negative|negative|
blindsided|negative
blister|negative|negative|
block|negative|negative|
blow|negative|negative|
blows|negative
blur|negative|negative|
blurt|negative|negative|
bluffed|negative
bluffing|negative
piss|negative
pissing|negative
pissin|negative
boggle|negative|negative|
boil|negative|negative|
bolt|negative|negative|
bomb|negative|negative|
bombard|negative|negative|
boot|negative|negative|
bore|negative|negative|
botch|negative|negative|
bother|negative|negative|
bowdlerize|negative|negative|
box|neutral|negative|
brainwash|negative|negative|
brandish|negative|negative|
brawl|negative|negative|
breach|negative|negative|
break|negative|negative|
breakdown|negative|negative|
bribe|negative|negative|
bristle|negative|negative|
broke|negative|negative|
brood|negative|negative|
browbeat|negative|negative|
brutalize|negative|negative|
buckle|negative|negative|
bug|negative|negative|
bungle|negative|negative|
burden|negative|negative|
burn|negative|negative|
bury|negative|negative|
butcher|negative|negative|
cackle|negative|negative|
cajole|negative|negative|
calumniate|negative|negative|
cancel|negative|negative|
canceled|negative
cancled|negative
exist|negative
cannibalize|negative|negative|
capitulate|negative|negative|
capsize|negative|negative|
capture|negative|negative|
careen|negative|negative|
caricature|negative|negative|
carp|negative|negative|
castigate|negative|negative|
cave|negative|negative|
censor|negative|negative|
censure|negative|negative|
chafe|negative|negative|
chaff|negative|negative|
chagrin|negative|negative|
challenge|negative|negative|
charge|negative|negative|
chase|negative|negative|
chasten|negative|negative|
chastise|negative|negative|
chatter|negative|negative|
cheapen|negative|negative|
cheat|negative|negative|
chide|negative|negative|
chill|positive|negative|
choke|negative|negative|
clash|negative|negative|
clog|negative|negative|
close|negative|negative|
cloud|negative|negative|
club|negative|negative|
coerce|negative|negative|
collapse|negative|negative|
collide|negative|negative|
collude|negative|negative|
collusion|negative|negative|
combat|negative|negative|
commiserate|negative|negative|
commit|negative|negative|
compel|negative|negative|
compete|negative|negative|
complain|negative|negative|
complicate|negative|negative|
complicates|negative
conceal|negative|negative|
concede|negative|negative|
concern|negative|negative|
condemn|negative|negative|
condescend|negative|negative|
confess|negative|negative|
confine|negative|negative|
confiscate|negative|negative|
conflict|negative|negative|
confound|negative|negative|
confront|negative|negative|
confuse|negative|negative|
conspire|negative|negative|
constrain|negative|negative|
consume|negative|negative|
contaminate|negative|negative|
contend|negative|negative|
contort|negative|negative|
contradict|negative|negative|
contravene|negative|negative|
contrive|negative|negative|
convict|negative|negative|
cool|negative|negative|
corrode|negative|negative|
corrupt|negative|negative|
cost|negative|negative|
counteract|negative|negative|
cow|negative|negative|
cram|negative|negative|
cramp|negative|negative|
crawl|negative|negative|
cringe|negative|negative|
cringed|negative
cripple|negative|negative|
crippled|negative
criticize|negative|negative|
croak|negative|negative|
cross|negative|negative|
crumble|negative|negative|
crumple|negative|negative|
crush|negative|negative|
crushed|negative
cry|negative|negative|
cried|negative
curse|negative|negative|
curtail|negative|negative|
cuss|negative|negative|
cut|negative|negative|
damage|negative|negative|
damaged|negative
damn|negative|negative|
dangle|negative|negative|
darken|negative|negative|
dash|negative|negative|
daunt|negative|negative|
dawdle|negative|negative|
daze|negative|negative|
deadlock|negative|negative|
debase|negative|negative|
debate|negative|negative|
debauch|negative|negative|
debilitate|negative|negative|
decay|negative|negative|
decease|negative|negative|
deceive|negative|negative|
deceived|negative
deceiving|negative
declaim|negative|negative|
decline|negative|negative|
declined|negative
decompose|negative|negative|
decrease|negative|negative|
decry|negative|negative|
decried|negative
defame|negative|negative|
default|negative|negative|
defeat|negative|negative|
defile|negative|negative|
deform|negative|negative|
defy|negative|negative|
degenerate|negative|negative|
degrade|negative|negative|
degraded|negative
degrading|negative
compromised|negative
dehumanize|negative|negative|
deign|negative|negative|
deject|negative|negative|
dejected|negative
delay|negative|negative|
delayed|negative
delude|negative|negative|
demean|negative|negative|
demolish|negative|negative|
demolished|negative
demonize|negative|negative|
demoralize|negative|negative|
idc|negative
idk|negative
whooped|negative
denigrate|negative|negative|
denounce|negative|negative|
dent|negative|negative|
denunciate|negative|negative|
deny|negative|negative|
deplete|negative|negative|
deplore|negative|negative|
depose|negative|negative|
deprave|negative|negative|
deprecate|negative|negative|
depreciate|negative|negative|
depress|negative|negative|
deprive|negative|negative|
deride|negative|negative|
desecrate|negative|negative|
desert|negative|negative|
desiccate|negative|negative|
despair|negative|negative|
despise|negative|negative|
despoil|negative|negative|
destroy|negative|negative|
detain|negative|negative|
deter|negative|negative|
detest|negative|negative|
detested|negative
detract|negative|negative|
devastate|negative|negative|
deviate|negative|negative|
dictate|negative|negative|
differ|negative|negative|
digress|negative|negative|
dilly-dally|negative|negative|
dim|negative|negative|
diminish|negative|negative|
disable|negative|negative|
disaffect|negative|negative|
disaffirm|negative|negative|
disagree|negative|negative|
disallow|negative|negative|
disappoint|negative|negative|
disappointed|negative
disappoints|negative|negative
disappointing|negative|negative
disapprove|negative|negative|
disapproved|negative
disapproves|negatived|negative
disarm|negative|negative|
disavow|negative|negative|
disbelieve|negative|negative|
discharge|negative|negative|
disclaim|negative|negative|
discombobulate|negative|negative|
discomfit|negative|negative|
discompose|negative|negative|
disconcert|negative|negative|
disconnect|negative
disconnected|negative
discourage|negative|negative|
discouraged|negative
discredit|negative|negative|
discriminate|negative|negative|
disdain|negative|negative|
disfavor|negative|negative|
disgrace|negative|negative|
disgruntle|negative|negative|
disgust|negative|negative|
disgusted|negative
dishearten|negative|negative|
dishonor|negative|negative|
disillusion|negative|negative|
disintegrate|negative|negative|
dislike|negative|negative|
dismay|negative|negative|
dismayed|negative
dismiss|negative|negative|
dismissed|negative
disobey|negative|negative|
disorder|negative|negative|
disorient|negative|negative|
disown|negative|negative|
disparage|negative|negative|
dispel|negative|negative|
dispense|negative|negative|
dispirit|negative|negative|
displace|negative|negative|
displease|negative|negative|
displeased|negative
dispose|negative|negative|
disposed|negative
disprove|negative|negative|
disproved|negative
dispute|negative|negative|
disputed|negative
disquiet|negative|negative|
disregard|negative|negative|
disrespect|negative|negative|
disrupt|negative|negative|
disrupted|negative
disrupting|negative
dissatisfy|negative|negative|
dissemble|negative|negative|
dissuade|negative|negative|
dissuaded|negative
distort|negative|negative|
distorted|negative
distract|negative|negative|
distress|negative|negative|
distressed|negative
distrust|negative|negative|
disturb|negative|negative|
disturbed|negative
divert|negative|negative|
diverted|negative
divide|negative|negative|
divorce|negative|negative|
dominate|negative|negative|
domineer|negative|negative|
doom|negative|negative|
doubt|negative|negative|
downgrade|negative|negative|
downgraded|negative
drag|negative|negative|
dragoon|negative|negative|
dread|negative|negative|
dreaded|negative
drive|neutral|negative|
droop|negative|negative|
drop|negative|negative|
drops|negative
dropped|negative
dropping|negative
drown|negative|negative|
dumbfound|negative|negative|
dump|negative|negative|
dumped|negative
dupe|negative|negative|
dupe|negative
dwindle|negative|negative|
dwindled|negative
dying|negative|negative|
died|negative
ejaculate|negative|negative|
eliminate|negative|negative|
emasculate|negative|negative|
embarrass|negative|negative|
embarassed|negative
embroil|negative|negative|
empathize|negative|negative|
empty|negative|negative|
encroach|negative|negative|
endanger|negative|negative|
enervate|negative|negative|
enfeeble|negative|negative|
enflame|negative|negative|
enforce|negative|negative|
engulf|negative|negative|
enjoin|negative|negative|
enrage|negative|negative|
enraged|negative
enslave|negative|negative|
entangle|negative|negative|
entrap|negative|negative|
envy|negative|negative|
eradicate|negative|negative|
erase|negative|negative|
erased|negative
erode|negative|negative|
eroded|negative
err|negative|negative|
erred|negative
eschew|negative|negative|
evade|negative|negative|
evaded|negative
even|negative|negative|
evict|negative|negative|
eviscerate|negative|negative|
exacerbate|negative|negative|
exaggerate|negative|negative|
exasperate|negative|negative|
eviscerated|negative|negative|
exacerbated|negative|negative|
exaggerated|negative|negative|
exasperated|negative|negative|
exception|negative|negative|
exclaim|negative|negative|
exclude|negative|negative|
excoriate|negative|negative|
execrate|negative|negative|
execute|negative|negative|
exhaust|negative|negative|
exhort|negative|negative|
exile|negative|negative|
exit|neutral|negative|
exited|neutral|negative|
expel|negative|negative|
expire|negative|negative|
explode|negative|negative|
exploit|negative|negative|
expose|negative|negative|
exposed|negative|negative|
expulse|negative|negative|
expunge|negative|negative|
exterminate|negative|negative|
extinguish|negative|negative|
extort|negative|negative|
fabricate|negative|negative|
fail|negative|negative|
fails|negative
failed|negative|negative|
faint|negative
fainted|negative
fall|negative|negative|
falsify|negative|negative|
falter|negative|negative|
fault|negative|negative|
faze|negative|negative|
fear|negative|negative|
feign|negative|negative|
feint|negative|negative|
fib|negative|negative|
fidget|negative|negative|
fight|negative|negative|
finagle|negative|negative|
fine|negative|negative|
fire|negative|negative|
fix|positive
fixed|positive
flabbergast|negative|negative|
flaunt|negative|negative|
fled|negative|negative|
flee|negative|negative|
fleer|negative|negative|
flirt|negative|negative|
flounder|negative|negative|
flout|negative|negative|
fluster|negative|negative|
fool|negative|negative|
force|negative|negative|
forfeit|negative|negative|
forget|negative|negative|
forgot|negative
forsake|negative|negative|
forswear|negative|negative|
fought|negative|negative|
foul|negative|negative|
founder|negative|negative|
fracture|negative|negative|
fraternize|negative|negative|
frazzle|negative|negative|
freak|negative|negative|
fret|negative|negative|
frighten|negative|negative|
frown|negative|negative|
frustrate|negative|negative|
fudge|negative|negative|
fulminate|negative|negative|
fumble|negative|negative|
fume|negative|negative|
fun|negative|negative|
fuss|negative|negative|
fustigate|negative|negative|
gabble|negative|negative|
gaggle|negative|negative|
gainsay|negative|negative|
gall|negative|negative|
gamble|negative|negative|
gape|negative|negative|
gawk|negative|negative|
get|neutral|negative|VH
blocked|negative
unlisted|negative
blocking|negative
remember|positive
hacked|negative
gibber|negative|negative|
gibe|negative|negative|
glare|negative|negative|
gloss|negative|negative|
glower|negative|negative|
goad|negative|negative|
goof|negative|negative|
gossip|negative|negative|
grab|neutral|negative|
grapple|negative|negative|
grate|negative|negative|
grieve|negative|negative|
grill|negative|negative|
grimace|negative|negative|
gripe|negative|negative|
grouse|negative|negative|
growl|negative|negative|
grumble|negative|negative|
groundbreaking|negative
haggle|negative|negative|
hallucinate|negative|negative|
hamper|negative|negative|
hamstring|negative|negative|
hamstrung|negative|negative|
hang|negative|negative|
hangs|negative|negative|
hanging|negative|negative
harangue|negative|negative|
harass|negative|negative|
harden|negative|negative|
harm|negative|negative|
harrow|negative|negative|
hate|negative|negative|
haunt|negative|negative|
hazard|negative|negative|
heckle|negative|negative|
hedge|negative|negative|
hinder|negative|negative|
hindered|negative
hit|neutral|negative|
hoard|negative|negative|
hoax|negative|negative|
hobble|negative|negative|
hoodwink|negative|negative|
horrify|negative|negative|
humiliate|negative|negative|
humiliated|negative
hunger|negative|negative|
hunt|negative|negative|
hurt|negative|negative|
hustle|neutral|negative|
ignore|negative|negative|
ignored|negative
ignoring|negative
impair|negative|negative|
impeach|negative|negative|
impede|negative|negative|
imperil|negative|negative|
impinge|negative|negative|
implicate|negative|negative|
implode|negative|negative|
importune|negative|negative|
impose|negative|negative|
impoverish|negative|negative|
imprecate|negative|negative|
imprison|negative|negative|
impugn|negative|negative|
incense|negative|negative|
incite|negative|negative|
inculcate|negative|negative|
indulge|negative|negative|
infect|negative|negative|
infected|negative
infecting|negative
infest|negative|negative|
inflame|negative|negative|
inflict|negative|negative|
infringe|negative|negative|
infuriate|negative|negative|
inhibit|negative|negative|
injure|negative|negative|
insinuate|negative|negative|
instigate|negative|negative|
insult|negative|negative|
interfere|negative|negative|
interrupt|negative|negative|
interrupted|negative
interrupting|negative
intimidate|negative|negative|
intoxicate|negative|negative|
intrude|negative|negative|
inundate|negative|negative|
invade|negative|negative|
invalidate|negative|negative|
inveigle|negative|negative|
irk|negative|negative|
ireked|negative
irritate|negative|negative|
irritated|negative
isolate|negative|negative|
itch|negative|negative|
jabber|negative|negative|
jail|negative|negative|
jar|negative|negative|
jeer|negative|negative|
jeopardize|negative|negative|
jerk|negative|negative|
jolt|negative|negative|
keen|negative|negative|
kick|negative|negative|
kidnap|negative|negative|
kill|negative|negative|
killed|negative
killing|negative
knife|negative|negative|
knock|negative|negative|
lack|negative|negative|
lacks|negative
lacking|negative
lag|negative|negative|
lags|negative
laid|negative|negative|
lambast|negative|negative|
lambaste|negative|negative|
lament|negative|negative|
languish|negative|negative|
laugh|negative|negative|
lay|negative|negative|
leak|negative|negative|
lecture|negative|negative|
leech|negative|negative|
leer|negative|negative|
lessen|negative|negative|
let|neutral|negative|VH
lie|negative|negative|
limit|negative|negative|
liquidate|negative|negative|
loathe|negative|negative|
long|negative|negative|
loom|negative|negative|
loot|negative|negative|
lose|negative|negative|
losing|negative
lost|negative|negative|
lull|negative|negative|
lurch|negative|negative|
lure|negative|negative|
lurk|negative|negative|
lying|negative|negative|
madden|negative|negative|
make|neutral|negative|VH
maledict|negative|negative|
malign|negative|negative|
mangle|negative|negative|
manipulate|negative|negative|
mar|negative|negative|
massacre|negative|negative|
meddle|negative|negative|
menace|negative|negative|
mess|negative|negative|
miff|negative|negative|
mind|negative|negative|
mire|negative|negative|
misapprehend|negative|negative|
misbecome|negative|negative|
misbehave|negative|negative|
miscalculate|negative|negative|
misguide|negative|negative|
misguides|negative
mishandle|negative|negative|
misinform|negative|negative|
misinterpret|negative|negative|
misjudge|negative|negative|
mislead|negative|negative|
mislike|negative|negative|
mismanage|negative|negative|
misread|negative|negative|
misrepresent|negative|negative|
miss|neutral|negative|VH
mistake|negative|negative|
mistaken|negative|negative|
slow|negative
slows|negative
slowing|negative
slack|negative
slacked|negative
slacking|negative
mistreat|negative
mistreats|negative
mistreating|negative
mistreatin|negative
mistrust|negative|negative|
misunderstand|negative|negative|
misunderstands|negative
misunderstanding|negative|negative|
misunderstood|negative|negative|
misuse|negative|negative|
moan|negative|negative|
mock|negative|negative|
molest|negative|negative|
moon|negative|negative|
mope|negative|negative|
mortify|negative|negative|
mourn|negative|negative|
muddle|negative|negative|
mumble|negative|negative|
murder|negative|negative|
mutter|negative|negative|
mystify|negative|negative|
nag|negative|negative|
nauseate|negative|negative|
needle|negative|negative|
negate|negative|negative|
negated|negative
neglect|negative|negative|
nettle|negative|negative|
niggle|negative|negative|
nix|negative|negative|
nullify|negative|negative|
numb|negative|negative|
object|negative|negative|
obliterate|negative|negative|
obscure|negative|negative|
obsess|negative|negative|
obstruct|negative|negative|
offend|negative|negative|
offends|negative
offended|negative
omit|negative|negative|
omits|negative
oppose|negative|negative|
opposed|negative
opposes|negative
oppress|negative|negative|
order|neutral|negative|
ostracize|negative|negative|
ostracizes|negative
ostracized|negative
oust|negative|negative|
outrage|negative|negative|
outraged|negative
overact|negative|negative|
overawe|negative|negative|
overbalance|negative|negative|
overcome|negative|negative|
overdo|negative|negative|
overemphasize|negative|negative|
overflow|negative|negative|
overlook|negative|negative|
overplay|negative|negative|
overpower|negative|negative|
overreach|negative|negative|
overrun|negative|negative|
overshadow|negative|negative|
oversimplify|negative|negative|
overthrow|negative|negative|
overturn|negative|negative|
overwhelm|negative|negative|
owe|negative|negative|
pain|negative|negative|
pan|negative|negative|
panic|negative|negative|
paralize|negative|negative|
parody|negative|negative|
partition|negative|negative|
patronize|negative|negative|
peeve|negative|negative|
penalize|negative|negative|
perish|negative|negative|
perplex|negative|negative|
persecute|negative|negative|
perturb|negative|negative|
pervert|negative|negative|
petrify|negative|negative|
pettifog|negative|negative|
pick|neutral|negative|VH
piece|negative|negative|
pillage|negative|negative|
pillory|negative|negative|
pinch|negative|negative|
pine|negative|negative|
pique|negative|negative|
pity|negative|negative|
plagiarize|negative|negative|
plague|negative|negative|
plod|negative|negative|
plot|negative|negative|
plunder|negative|negative|
polemize|negative|negative|
pollute|negative|negative|
pound|negative|negative|
pout|negative|negative|
prate|negative|negative|
prattle|negative|negative|
precipitate|negative|negative|
prejudge|negative|negative|
preoccupy|negative|negative|
presume|negative|negative|
pretend|negative|negative|
prevaricate|negative|negative|
prickle|negative|negative|
procrastinate|negative|negative|
prod|negative|negative|
profane|negative|negative|
prohibit|negative|negative|
propagandize|negative|negative|
prosecute|negative|negative|
protest|negative|negative|
provoke|negative|negative|
prowl|negative|negative|
pry|negative|negative|
punch|negative|negative|
punish|negative|negative|
push|negative|negative|
puzzle|negative|negative|
quack|negative|negative|
quarrel|negative|negative|
quash|negative|negative|
quibble|negative|negative|
quit|negative|negative|
rack|negative|negative|
rage|negative|negative|
raid|negative|negative|
rail|negative|negative|
ramble|negative|negative|
rampage|negative|negative|
rankle|negative|negative|
rant|negative|negative|
ration|negative|negative|
rationalize|negative|negative|
rattle|negative|negative|
ravage|negative|negative|
rebel|negative|negative|
rebuff|negative|negative|
rebuke|negative|negative|
rebut|negative|negative|
recant|negative|negative|
recede|negative|negative|
recoil|negative|negative|
refrain|negative|negative|
refuse|negative|negative|
refuses|negative
refused|negative
refusing|negative
refute|negative|negative|
regress|negative|negative|
regret|negative|negative|
regreted|negative
regretted|negative
regretting|negative
reject|negative|negative|
rejected|negative
rejecting|negative
relapse|negative|negative|
renounce|negative|negative|
repeal|negative|negative|
repel|negative|negative|
repress|negative|negative|
reprimand|negative|negative|
reproach|negative|negative|
reprove|negative|negative|
repudiate|negative|negative|
repudiated|negative
repugn|negative|negative|
repulse|negative|negative|
repulsed|negative
resent|negative|negative|
restrict|negative|negative|
restricted|negative
retaliate|negative|negative|
relatiated|negative
retard|negative|negative|
retarted|negative
retire|negative|negative|
retract|negative|negative|
retracted|negative
retreat|negative|negative|
retreated|negative
revenge|negative|negative|
revert|negative|negative|
revile|negative|negative|
reviled|negative
revoke|negative|negative|
revoked|negative
revolt|negative|negative|
rhapsodize|negative|negative|
rid|negative|negative|
ride|neutral|negative|
ridicule|negative|negative|
rediculed|negative
rile|negative|negative|
rip|negative|negative|
ripped|negative
rival|negative|negative|
rock|positive
rocking|positive
rob|negative
robbing|negative
root|neutral|negative|
rot|negative|negative|
rotted|negative
rotting|negative
rue|negative|negative|
rued|negative
ruffle|negative|negative|
ruffled|negative
ruin|negative|negative|
ruined|negative
rumple|negative|negative|
run|neutral|negative|VH
runaway|negative|negative|
rupture|negative|negative|
sabotage|negative|negative|
sadden|negative|negative|
sag|negative|negative|
sank|negative|negative|
sap|negative|negative|
sass|negative|negative|
satirize|negative|negative|
savage|negative|negative|
scald|negative|negative|
scandalize|negative|negative|
scar|negative|negative|
scare|negative|negative|
scared|negative|negative|
scheme|negative|negative|
scoff|negative|negative|
scold|negative|negative|
scorch|negative|negative|
scorn|negative|negative|
scorned|negative
scowl|negative|negative|
scrape|negative|negative|
scream|negative|negative|
screech|negative|negative|
screw|negative|negative|
screwing|negative
secede|negative|negative|
seethe|negative|negative|
seize|negative|negative|
sentence|negative|negative|
sequester|negative|negative|
sermonize|negative|negative|
serve|negative|negative|
service|neutral|negative|
shadow|neutral|negative|
shake|negative|negative|
shame|negative|negative|
shatter|negative|negative|
shell|negative|negative|
shirk|negative|negative|
shitting|negative
shock|negative|negative|
shocked|negative
shoot|neutral|negative|
shortchange|negative|negative|
shot|negative|negative|
shove|negative|negative|
show|neutral|negative|VH
shred|negative|negative|
shriek|negative|negative|
shrivel|negative|negative|
shroud|negative|negative|
shrouded|negative|negative|
shrug|negative|negative|
shun|negative|negative|
sicken|negative|negative|
sidetrack|negative|negative|
simmer|negative|negative|
sin|negative|negative|
skulk|negative|negative|
slam|negative|negative|
slander|negative|negative|
slap|negative|negative|
slash|negative|negative|
slaughter|negative|negative|
slight|negative|negative|
slump|negative|negative|
smack|negative|negative|
smash|negative|negative|
smear|negative|negative|
smolder|negative|negative|
smother|negative|negative|
smoulder|negative|negative|
smuggle|negative|negative|
snarl|negative|negative|
snatch|negative|negative|
sneak|negative|negative|
sneer|negative|negative|
snore|negative|negative|
snub|negative|negative|
sob|negative|negative|
sober|negative|negative|
sorrow|negative|negative|
spank|negative|negative|
spear|negative|negative|
spill|negative|negative|
split|negative|negative|
spoil|negative|negative|
spook|negative|negative|
spoon-feed|negative|negative|
sprain|negative|negative|
spurn|negative|negative|
sputter|negative|negative|
squabble|negative|negative|
squander|negative|negative|
squash|negative|negative|
squirm|negative|negative|
stab|negative|negative|
stagger|negative|negative|
stagnate|negative|negative|
stain|negative|negative|
stammer|negative|negative|
stamp|negative|negative|
startle|negative|negative|
starve|negative|negative|
steal|negative|negative|
stew|negative|negative|
stifle|negative|negative|
stigma|negative|negative|
stigmatize|negative|negative|
sting|negative|negative|
stink|negative|negative|
stole|negative|negative|
stolen|negative|negative|
storm|negative|negative|
straggle|negative|negative|
strain|negative|negative|
strangle|negative|negative|
stray|negative|negative|
stress|negative|negative|
stressing|negative
stressin|negative
strike|negative|negative|
struck|negative|negative|
struggle|negative|negative|
strut|negative|negative|
stump|negative|negative|
stun|negative|negative|
stupify|negative|negative|
subjugate|negative|negative|
subside|negative|negative|
subtract|negative|negative|
subvert|negative|negative|
succumb|negative|negative|
suffer|negative|negative|
suffocate|negative|negative|
sugar-coat|negative|negative|
sulk|negative|negative|
sully|negative|negative|
sunder|negative|negative|
suppress|negative|negative|
suspect|negative|negative|
suspend|negative|negative|
suspended|negative
removed|negative
missing|negative
swagger|negative|negative|
swear|negative|negative|
swindle|negative|negative|
swoon|negative|negative|
swore|negative|negative|
sympathize|negative|negative|
taint|negative|negative|
tamper|negative|negative|
tarnish|negative|negative|
tatter|negative|negative|
taunt|negative|negative|
tax|negative|negative|
tear|negative|negative|
tease|negative|negative|
temper|negative|negative|
terrorize|negative|negative|
thirst|negative|negative|
thrash|negative|negative|
threaten|negative|negative|
throttle|negative|negative|
throttled|negative
throttling|negative
throw|negative|negative|
thumb|negative|negative|
thwart|negative|negative|
tire|negative|negative|
tired|negative|negative|
toil|negative|negative|
topple|negative|negative|
torment|negative|negative|
torture|negative|negative|
traduce|negative|negative|
trample|negative|negative|
transgress|negative|negative|
trap|negative|negative|
traumatize|negative|negative|
travesty|negative|negative|
trespass|negative|negative|
trick|negative|negative|
tricks|negative
tricking|negative
trivialize|negative|negative|
trivializes|negative
trouble|negative|negative|
trudge|negative|negative|
try|neutral|negative|VH
trying|negative
turn|neutral|negative|VH
twist|negative|negative|
twitch|negative|negative|
underestimate|negative|negative|
undermine|negative|negative|
undermines|negative
undid|negative|negative|
undo|negative|negative|
undone|negative|negative|
unleash|negative|negative|
unnerve|negative|negative|
unsettle|negative|negative|
unsettles|negative
upbraid|negative|negative|
uproot|negative|negative|
upset|negative|negative|
usurp|negative|negative|
vanish|negative|negative|
veto|negative|negative|
vex|negative|negative|
victimize|negative|negative|
vie|negative|negative|
vilify|negative|negative|
villify|negative|negative|
violate|negative|negative|
violates|negative
violated|negative
violating|negative
vomit|negative|negative|
wail|negative|negative|
wallow|negative|negative|
wane|negative|negative|
warp|negative|negative|
waste|negative|negative|
weaken|negative|negative|
wear|negative|negative|
weary|negative|negative|
weep|negative|negative|
whack|negative|negative|
wheedle|negative|negative|
whimper|negative|negative|
whine|negative|negative|
whip|negative|negative|
wilt|negative|negative|
wince|negative|negative|
withheld|negative|negative|
withhold|negative|negative|
worn|negative|negative|
worry|negative|negative|
worsen|negative|negative|
wound|negative|negative|
wrangle|negative|negative|
wreck|negative|negative|
wrest|negative|negative|
wrestle|negative|negative|
wretch|negative|negative|
writhe|negative|negative|
wrong|negative|negative|
yawn|negative|negative|
yelp|negative|negative|
absorbed|neutral|neutral|
accentuate|neutral|neutral|
affect|neutral|neutral|
air|neutral|neutral|
allegorize|neutral|neutral|
amplify|neutral|neutral|
apprehend|neutral|neutral|
assess|neutral|neutral|
believe|neutral|neutral|
cogitate|neutral|neutral|
comprehend|neutral|neutral|
confide|neutral|neutral|
conjecture|neutral|neutral|
consider|neutral|neutral|
contemplate|neutral|neutral|
decide|neutral|neutral|
deduce|neutral|neutral|
discern|neutral|neutral|
engage|neutral|neutral|
engross|neutral|neutral|
evaluate|neutral|neutral|
expound|neutral|neutral|
extemporize|neutral|neutral|
feeling|neutral|neutral|
felt|neutral|neutral|
floor|neutral|neutral|
foretell|neutral|neutral|
galvanize|neutral|neutral|
glean|neutral|neutral|
hypnotize|neutral|neutral|
ignite|neutral|neutral|
imagine|neutral|neutral|
imply|neutral|neutral|
infer|neutral|neutral|
intend|neutral|neutral|
intimate|neutral|neutral|
intrigue|neutral|neutral|
knew|neutral|neutral|
know|neutral|neutral|
matter|neutral|neutral|
mean|neutral|neutral|
metaphorize|neutral|neutral|
move|neutral|neutral|
need|neutral|neutral|
pacify|neutral|neutral|
philosophize|neutral|neutral|
ponder|neutral|neutral|
pray|neutral|neutral|
proclaim|neutral|neutral|
prognosticate|neutral|neutral|
prophesy|neutral|neutral|
react|neutral|neutral|
regard|neutral|neutral|
reiterate|neutral|neutral|
scrutinize|neutral|neutral|
soliloquize|neutral|neutral|
speculate|neutral|neutral|
stir|neutral|neutral|
stupefy|neutral|neutral|
suppose|neutral|neutral|
surprise|neutral|neutral|
taste|neutral|neutral|
theoretize|neutral|neutral|
think|neutral|neutral|
tint|neutral|neutral|
touch|neutral|neutral|
transport|neutral|neutral|
view|neutral|neutral|
abide|positive|positive|
abound|positive|positive|
absolve|positive|positive|
accede|positive|positive|
accept|positive|positive|VH
acclaim|positive|positive|
accommodate|positive|positive|
accomplish|positive|positive|
accord|positive|positive|
accrue|positive|positive|
achieve|positive|positive|
acknowledge|positive|positive|
acquaint|positive|positive|
acquit|positive|positive|
admire|positive|positive|
admit|neutral|positive|VH
adore|positive|positive|
adorn|positive|positive|
adulate|positive|positive|
advance|positive|positive|
advocate|neutral|positive|VH
affiliate|neutral|positive|VH
affirm|neutral|positive|VH
affix|positive|positive|
afford|positive|positive|
agree|positive|positive|
aid|positive|positive|
allay|positive|positive|
alleviate|positive|positive|
allied|positive|positive|
allow|neutral|positive|VH
allure|positive|positive|
amaze|positive|positive|
ameliorate|positive|positive|
amuse|positive|positive|
anoint|positive|positive|
appeal|positive|positive|
appease|positive|positive|
append|positive|positive|
applaud|positive|positive|
appoint|positive|positive|
appreciate|positive|positive|
approach|positive|positive|
approve|positive|positive|
arbitrate|neutral|positive|VH
arouse|positive|positive|
ascribe|positive|positive|
aspire|positive|positive|
assent|positive|positive|
assist|neutral|positive|VH
associate|neutral|positive|VH
assuage|positive|positive|
assure|positive|positive|
stop|negative
astonish|positive|positive|
astound|positive|positive|
attain|positive|positive|
attend|positive|positive|
attest|positive|positive|
attract|positive|positive|
augment|positive|positive|
aver|positive|positive|
award|positive|positive|
awe|positive|positive|
back|positive|positive|
baptize|positive|positive|
bargain|positive|positive|
bask|positive|positive|
beatify|positive|positive|
beautify|positive|positive|
befit|positive|positive|
befriend|positive|positive|
benefit|positive|positive|
bequeath|positive|positive|
bestow|positive|positive|
betroth|positive|positive|
better|positive|positive|
bless|positive|positive|
bloom|positive|positive|
blossom|positive|positive|
boast|positive|positive|
bolster|positive|positive|
boost|positive|positive|
brave|positive|positive|
brook|positive|positive|
call|neutral|positive|VH
calm|positive|positive|
capitalize|positive|positive|
captivate|positive|positive|
care|positive|positive|
caress|positive|positive|
celebrate|positive|positive|
charm|positive|positive|
cheer|positive|positive|
cherish|positive|positive|
civilize|positive|positive|
clarify|positive|positive|
clean|positive|positive|
cleanse|positive|positive|
clear|positive|positive|
coax|positive|positive|
coddle|positive|positive|
cohere|positive|positive|
collaborate|positive|positive|
comfort|positive|positive|
commemorate|positive|positive|
commend|positive|positive|
communicate|positive|positive|
compensate|positive|positive|
complement|positive|positive|
complete|positive|positive|
compliment|positive|positive|
compromise|positive|positive|
conciliate|positive|positive|
concur|positive|positive|
condone|positive|positive|
confer|positive|positive|
confute|positive|positive|
congratulate|positive|positive|
congregate|positive|positive|
conjure|positive|positive|
connect|positive|positive|
conquer|positive|positive|
consent|positive|positive|
conserve|positive|positive|
consign|positive|positive|
console|positive|positive|
consolidate|positive|positive|
consult|positive|positive|
consummate|positive|positive|
contact|neutral|positive|
content|positive|positive|
contribute|positive|positive|
convene|positive|positive|
convince|positive|positive|
cooperate|positive|positive|
coordinate|positive|positive|
correct|positive|positive|
counsel|positive|positive|
court|positive|positive|
crave|positive|positive|
create|positive|positive|
credit|positive|positive|
cuddle|positive|positive|
culminate|positive|positive|
cultivate|positive|positive|
cure|positive|positive|
curtsey|positive|positive|
dance|positive|positive|
dare|positive|positive|
dawn|positive|positive|
daydream|positive|positive|
dazzle|positive|positive|
decipher|positive|positive|
decorate|positive|positive|
dedicate|positive|positive|
defend|positive|positive|
delight|positive|positive|
demystify|positive|positive|
descry|positive|positive|
deserve|positive|positive|
desire|positive|positive|
destine|positive|positive|
devote|positive|positive|
dig|positive|positive|
dignify|positive|positive|
discuss|positive|positive|
distinguish|positive|positive|
disappointed|negative
divine|positive|positive|
donate|positive|positive|
dote|positive|positive|
dream|positive|positive|
ease|positive|positive|
economize|positive|positive|
edify|positive|positive|
elaborate|positive|positive|
elate|positive|positive|
electrify|positive|positive|
elevate|positive|positive|
emancipate|positive|positive|
embellish|positive|positive|
embolden|positive|positive|
embrace|positive|positive|
empower|positive|positive|
enable|positive|positive|
enchant|positive|positive|
encourage|positive|positive|
endear|positive|positive|
endorse|positive|positive|
endow|positive|positive|
endure|positive|positive|
energize|positive|positive|
enhance|positive|positive|
enjoy|positive|positive|
enlighten|positive|positive|
enliven|positive|positive|
ennoble|positive|positive|
enrapture|positive|positive|
enrich|positive|positive|
ensure|positive|positive|
entertain|positive|positive|
enthral|positive|positive|
enthrall|positive|positive|
enthuse|positive|positive|
entice|positive|positive|
entrance|positive|positive|
entreat|positive|positive|
entrust|positive|positive|
envision|positive|positive|
establish|positive|positive|
esteem|positive|positive|
eulogize|positive|positive|
exalt|positive|positive|
exceed|negative|positive|
excel|positive|positive|
excite|positive|positive|
excited|positive|positive|
excuse|positive|positive|
exhilarate|positive|positive|
exonerate|positive|positive|
extol|positive|positive|
extoll|positive|positive|
exult|positive|positive|
facilitate|positive|positive|
familiarize|positive|positive|
fancy|positive|positive|
fucked|negative
fuked|negative
fascinate|positive|positive|
fascinated|positive
fathom|positive|positive|
favor|positive|positive|
favored|positive
feast|positive|positive|
felicitate|positive|positive|
felicitated|positive
flatter|positive|positive|
flattered|positive
forgave|positive|positive|
forgive|positive|positive|
fortify|positive|positive|
foster|neutral|positive|
free|positive|positive|
freed|positive
freeze|negative
freezes|negative
frolic|positive|positive|
fulfill|positive|positive|
fulfilled|positive
gain|positive|positive|
garnish|neutral|positive|
generate|neutral|positive|
give|neutral|positive|VH
gladden|positive|positive|
gleam|positive|positive|
glimmer|positive|positive|
glisten|positive|positive|
glistened|positive
glistening|positive
glitter|positive|positive|
glittered|positive
glorify|positive|positive|
glory|positive|positive|
glow|positive|positive|
gratify|positive|positive|
greet|positive|positive|
groom|positive|positive|
groove|positive|positive|
guarantee|positive|positive|
guide|positive|positive|
gush|positive|positive|
hail|positive|positive|
hanker|positive|positive|
harmonize|positive|positive|
harness|positive|positive|
harnessed|positive
heal|positive|positive|
healed|positive
healing|positive
hearten|positive|positive|
heartened|positive
help|positive|positive|
helped|positive
helping|positive
helps|positive
heroize|positive|positive|
highlight|positive|positive|
honor|positive|positive|
hope|negative|negative|
hug|positive|positive|
humble|positive|positive|
humor|positive|positive|
idealize|positive|positive|
idolize|positive|positive|
illuminate|positive|positive|
illumine|positive|positive|
impel|positive|positive|
impress|positive|positive|
improve|positive|positive|
improved|positive
improving|positive
improvise|positive|positive|
inaugurate|positive|positive|
inform|positive|positive|
ingratiate|positive|positive|
inherit|positive|positive|
innovate|positive|positive|
insist|positive|positive|
inspire|positive|positive|
intercede|positive|positive|
intercourse|positive|positive|
interest|positive|positive|
interested|positive|positive|
interpose|positive|positive|
invigorate|positive|positive|
invite|positive|positive|
jest|positive|positive|
join|neutral|positive|VH
joke|positive|positive|
jollify|positive|positive|
jubilate|positive|positive|
justify|positive|positive|
kid|positive|positive|
kiss|positive|positive|
lark|positive|positive|
laud|positive|positive|
lavish|positive|positive|
leverage|positive|positive|
liberate|positive|positive|
lighten|positive|positive|
like|positive|positive|
live|neutral|positive|VH
love|positive|positive|
luv|positive
luvin|positive
loved|positive
loving|positive
loves|positive
luxuriate|positive|positive|
magnify|positive|positive|
marry|positive|positive|
marvel|positive|positive|
mate|positive|positive|
mature|positive|positive|
maximize|positive|positive|
mediate|positive|positive|
memorialize|positive|positive|
mend|positive|positive|
merit|positive|positive|
mesh|positive|positive|
mesmerize|positive|positive|
minister|positive|positive|
mobilize|positive|positive|
mollify|positive|positive|
moralize|positive|positive|
motivate|positive|positive|
negotiate|positive|positive|
neutralize|positive|positive|
nominate|positive|positive|
nourish|positive|positive|
nurse|positive|positive|
nurture|positive|positive|
obey|positive|positive|
oblige|positive|positive|
obtain|positive|positive|
obviate|positive|positive|
offer|neutral|positive|
offset|positive|positive|
organize|positive|positive|
outdo|positive|positive|
outlive|positive|positive|
outrun|positive|positive|
outshine|positive|positive|
outsmart|positive|positive|
outstrip|positive|positive|
outwit|positive|positive|
palliate|positive|positive|
pamper|positive|positive|
pardon|positive|positive|
pass|neutral|positive|
pay|neutral|positive|VH
peace|positive|positive|
perfect|positive|positive|
permit|positive|positive|
persevere|positive|positive|
persuade|positive|positive|
placate|positive|positive|
please|neutral|positive|
pleased|positive|positive|
pledge|neutral|positive|
poeticize|positive|positive|
polish|positive|positive|
praise|positive|positive|
prance|positive|positive|
preach|positive|positive|
prefer|positive|positive|
press|positive|positive|
prize|positive|positive|
profess|positive|positive|
proffer|positive|positive|
profit|positive|positive|
progress|positive|positive|
prompt|positive|positive|
prosper|positive|positive|
protect|positive|positive|
provide|positive|positive|
purify|positive|positive|
purr|positive|positive|
qualify|positive|positive|
quench|positive|positive|
quicken|positive|positive|
radiate|positive|positive|
rally|positive|positive|
rapt|positive|positive|
rave|positive|positive|
reap|positive|positive|
reassure|positive|positive|
reclaim|positive|positive|
recline|positive|positive|
recommend|positive|positive|
recommends|positive|positive
recommended|positive|positive
recommending|positive|positive
recompense|positive|positive|
reconcile|positive|positive|
recover|positive|positive|
rectify|positive|positive|
redeem|positive|positive|
reestablish|positive|positive|
refine|positive|positive|
reform|positive|positive|
refresh|positive|positive|
rehabilitate|positive|positive|
reinforce|positive|positive|
reinstate|positive|positive|
rejoice|positive|positive|
relax|positive|positive|
relent|positive|positive|
relieve|positive|positive|
relish|positive|positive|
remodel|positive|positive|
deleted|negative
remunerate|positive|positive|
renovate|positive|positive|
repair|positive|positive|
repay|positive|positive|
repent|positive|positive|
repose|positive|positive|
rescue|positive|positive|
solve|positive
solved|positive
resolve|positive|positive|
resolved|positive
grandfathered|positive
grandfather|positive
blazing|positive
resound|positive|positive|
respect|positive|positive|
restore|positive|positive|
resurrect|positive|positive|
return|neutral|positive|
reunite|positive|positive|
revel|positive|positive|
revere|positive|positive|
revitalize|positive|positive|
revive|positive|positive|
reward|positive|positive|
right|positive|positive|
righten|positive|positive|
ripen|positive|positive|
romanticize|positive|positive|
rouse|positive|positive|
safeguard|positive|positive|
salivate|positive|positive|
salute|positive|positive|
sanctify|positive|positive|
sanction|positive|positive|
satisfy|positive|positive|
save|positive|positive|
savor|positive|positive|
scamper|positive|positive|
sense|positive|positive|
share|positive|positive|
shelter|positive|positive|
shield|positive|positive|
signify|positive|positive|
simplify|positive|positive|
smart|positive|positive|
smile|positive|positive|
smitten|positive|positive|
soften|positive|positive|
solace|positive|positive|
soothe|positive|positive|
sought|positive|positive|
spare|positive|positive|
sparkle|positive|positive|
spellbind|positive|positive|
spellbound|positive|positive|
spur|positive|positive|
stabilize|positive|positive|
stand|neutral|positive|
standardize|positive|positive|
stimulate|positive|positive|
stood|positive|positive|
subscribe|positive|positive|
subsidize|positive|positive|
subsist|positive|positive|
substantiate|positive|positive|
succeed|positive|positive|
sucks|negative
sux|negative
suck|negative
sucking|negative
suffice|positive|positive|
suit|positive|positive|
support|positive|positive|
surmise|positive|positive|
surmount|positive|positive|
surpass|positive|positive|
survive|neutral|positive|
sweeten|positive|positive|
symbolize|positive|positive|
tantalize|positive|positive|
tempt|positive|positive|
terrify|positive|positive|
terrifies|negative
thank|positive|positive|
thrill|positive|positive|
thrive|positive|positive|
tickle|positive|positive|
tingle|positive|positive|
titillate|positive|positive|
toast|positive|positive|
tolerate|positive|positive|
treasure|positive|positive|
triumph|positive|positive|
triumphant|positive|positive|
trippen|negative
tripping|negative
trippin|negative
trump|positive|positive|
trumpet|positive|positive|
trust|positive|positive|
unbosom|positive|positive|
understand|positive|positive|
understate|positive|positive|
understood|positive|positive|
understands|positive
upgrade|positive|positive|
upheld|positive|positive|
uphold|positive|positive|
uplift|positive|positive|
uplifts|positive
urge|positive|positive|
utilize|positive|positive|
value|positive|positive|
vanquish|positive|positive|
venerate|positive|positive|
verify|positive|positive|
wrk|positive
work|positive
worked|positive
working|positive
vindicate|positive|positive|
vindicated|positive
vouch|positive|positive|
vouchsafe|positive|positive|
vow|positive|positive|
want|neutral|positive|VH
warm|positive|positive|
welcome|positive|positive|
wise|positive|positive|
wish|negative|negative|VH
woo|positive|positive|
worship|positive|positive|
wow|positive|positive|
wows|positive
yearn|positive|positive|
yearned|positive
possessed|negative
destroyed|negative||VH
destroys|negative
destroying|negative
arrested|negative||
